id,path,obj,load_time,calc_time,solver_time,python_time,iter_nr
0,batch.nl,285506.5082441529,0,0.28131867572665215,0.24392900000000167,0,0
1,batch0812.nl,2687026.7842479367,0,1.3968832744285464,0.5581770000000116,0,0
2,batchdes.nl,167427.65711474538,0,0.07231346424669027,0.06137699999999996,0,0
3,clay0203hfsg.nl,41573.26252221283,0,5.881175769492984,1.509586999999963,0,0
4,clay0204hfsg.nl,6545.000000000707,0,20.93626103643328,6.393969999998204,0,0
5,clay0205hfsg.nl,8092.500000000955,0,302.9323520520702,98.05686099988861,0,0
6,clay0303hfsg.nl,26669.109572486403,0,7.253073371946812,1.9490380000001508,0,0
7,clay0304hfsg.nl,40262.38753060858,0,97.51774627715349,28.290127999980584,0,0
8,clay0305hfsg.nl,8320.0000000009,0,302.7536187181249,101.98047099996293,0,0
9,cvxnonsep_normcon20.nl,-21.749147363703806,0,0.032731592655181885,0.038281,0,0
10,cvxnonsep_normcon30.nl,-34.24396574092516,0,0.05248631536960602,0.09704499999999999,0,0
11,cvxnonsep_normcon40.nl,-32.629669716769314,0,0.07080560084432364,0.16576300000000005,0,0
12,cvxnonsep_nsig20.nl,80.94929545987223,0,0.04136878065764904,0.04750599999999999,0,0
13,cvxnonsep_nsig20r.nl,80.9492954596234,0,0.04646598547697067,0.04117,0,0
14,cvxnonsep_nsig30.nl,130.62871264096864,0,0.05923274718225002,0.10607000000000001,0,0
15,cvxnonsep_nsig30r.nl,156.42667285391616,0,0.07904196437448263,0.08656400000000017,0,0
16,cvxnonsep_nsig40.nl,133.96133047158767,0,0.07919127494096756,0.19080800000000006,0,0
17,cvxnonsep_nsig40r.nl,133.9613304719259,0,0.08142508938908577,0.09649899999999993,0,0
18,cvxnonsep_pcon20.nl,-21.500522852152997,0,0.038420652970671654,0.048122,0,0
19,cvxnonsep_pcon20r.nl,-21.50052285200933,0,0.03578981477767229,0.041863,0,0
20,enpro48pb.nl,187277.25942219957,0,5.1830393970012665,2.541075000000003,0,0
21,enpro56pb.nl,263428.30097276496,0,7.723541612736881,3.4058730000000703,0,0
22,ex1223.nl,4.579582402486655,0,0.05165221355855465,0.041718000000000005,0,0
23,ex1223b.nl,4.5795824024866585,0,0.04498013202100992,0.030333999999999972,0,0
24,fac1.nl,160912612.35017818,0,0.02561672404408455,0.024391000000000003,0,0
25,fac2.nl,331837498.1767665,0,0.4962905431166291,0.27027100000000637,0,0
26,flay02h.nl,37.9473319221309,0,0.07799425441771746,0.08127700000000002,0,0
27,flay02m.nl,37.947331922051006,0,0.03858498949557543,0.021791999999999992,0,0
28,flay03h.nl,48.98979485582156,0,1.2379832984879613,0.322084999999993,0,0
29,flay03m.nl,48.989794855791104,0,0.3108193213120103,0.09014100000000154,0,0
30,flay04h.nl,54.4058820351743,0,45.07800706382841,14.075948999990715,0,0
31,flay04m.nl,54.4058820351097,0,7.298294892534614,1.3225830000003054,0,0
32,flay05h.nl,64.49806198673096,0,303.8319601668045,102.91121499992845,0,0
33,flay05m.nl,64.49806198661507,0,307.0376608222723,67.1560829997847,0,0
34,flay06h.nl,66.93280212296862,0,302.91506929229945,95.05070999987986,0,0
35,flay06m.nl,66.93280212297259,0,306.1523004276678,62.66995899965592,0,0
36,fo7.nl,34.778091737680015,0,303.593634323217,95.75846400007765,0,0
37,fo7_2.nl,36.28433228889465,0,303.6747903348878,95.60063700002672,0,0
38,fo7_ar25_1.nl,-inf,FAILED,"Objective value wrong, with error 1e+50
Lbx > x* for indices:
[[ 0  0]
 [ 1  0]
 [ 2  0]
 [ 3  0]
 [ 4  0]
 [ 5  0]
 [ 6  0]
 [ 7  0]
 [ 8  0]
 [ 9  0]
 [10  0]
 [11  0]
 [12  0]
 [13  0]]
Ubg < g(x*,p) - tol:
[       inf        inf        inf        inf        inf        inf
        inf        inf        inf        inf        inf        inf
        inf        inf 1.99999999 1.99999999 1.99999999 1.99999999
 1.99999999 1.99999999 1.99999999 1.99999999 1.99999999 1.99999999
 1.99999999 1.99999999 1.99999999 1.99999999]
for indices:
(array([ 0,  1,  2,  3,  4,  5,  6,  7,  8,  9, 10, 11, 12, 13, 59, 60, 61,
       62, 63, 64, 65, 66, 67, 68, 69, 70, 71, 72]),)"
39,fo7_ar2_1.nl,-inf,FAILED,"Error in Function::call for 'minlp' [BonminInterface] at .../casadi/core/function.cpp:1432:
Error in Function::call for 'minlp' [BonminInterface] at .../casadi/core/function.cpp:361:
.../casadi/interfaces/bonmin/bonmin_interface.cpp:477: Uncaught error in Bonmin"
40,fo7_ar3_1.nl,-inf,FAILED,"Objective value wrong, with error 1e+50
Lbx > x* for indices:
[[ 0  0]
 [ 1  0]
 [ 2  0]
 [ 3  0]
 [ 4  0]
 [ 5  0]
 [ 6  0]
 [ 7  0]
 [ 8  0]
 [ 9  0]
 [10  0]
 [11  0]
 [12  0]
 [13  0]]
Ubg < g(x*,p) - tol:
[       inf        inf        inf        inf        inf        inf
        inf        inf        inf        inf        inf        inf
        inf        inf 1.99999999 1.99999999 1.99999999 1.99999999
 1.99999999 1.99999999 1.99999999 1.99999999 1.99999999 1.99999999
 1.99999999 1.99999999 1.99999999 1.99999999]
for indices:
(array([ 0,  1,  2,  3,  4,  5,  6,  7,  8,  9, 10, 11, 12, 13, 59, 60, 61,
       62, 63, 64, 65, 66, 67, 68, 69, 70, 71, 72]),)"
41,fo7_ar4_1.nl,-inf,FAILED,"Objective value wrong, with error 1e+50
Lbx > x* for indices:
[[ 0  0]
 [ 1  0]
 [ 2  0]
 [ 3  0]
 [ 4  0]
 [ 5  0]
 [ 6  0]
 [ 7  0]
 [ 8  0]
 [ 9  0]
 [10  0]
 [11  0]
 [12  0]
 [13  0]]
Ubg < g(x*,p) - tol:
[       inf        inf        inf        inf        inf        inf
        inf        inf        inf        inf        inf        inf
        inf        inf 1.99999999 1.99999999 1.99999999 1.99999999
 1.99999999 1.99999999 1.99999999 1.99999999 1.99999999 1.99999999
 1.99999999 1.99999999 1.99999999 1.99999999]
for indices:
(array([ 0,  1,  2,  3,  4,  5,  6,  7,  8,  9, 10, 11, 12, 13, 59, 60, 61,
       62, 63, 64, 65, 66, 67, 68, 69, 70, 71, 72]),)"
42,fo7_ar5_1.nl,-inf,FAILED,"Objective value wrong, with error 1e+50
Lbx > x* for indices:
[[ 0  0]
 [ 1  0]
 [ 2  0]
 [ 3  0]
 [ 4  0]
 [ 5  0]
 [ 6  0]
 [ 7  0]
 [ 8  0]
 [ 9  0]
 [10  0]
 [11  0]
 [12  0]
 [13  0]]
Ubg < g(x*,p) - tol:
[       inf        inf        inf        inf        inf        inf
        inf        inf        inf        inf        inf        inf
        inf        inf 1.99999999 1.99999999 1.99999999 1.99999999
 1.99999999 1.99999999 1.99999999 1.99999999 1.99999999 1.99999999
 1.99999999 1.99999999 1.99999999 1.99999999]
for indices:
(array([ 0,  1,  2,  3,  4,  5,  6,  7,  8,  9, 10, 11, 12, 13, 59, 60, 61,
       62, 63, 64, 65, 66, 67, 68, 69, 70, 71, 72]),)"
43,fo8.nl,47.798855326571505,0,303.3999510779977,116.67025353599736,0,0
44,fo8_ar25_1.nl,-inf,FAILED,"Objective value wrong, with error 1e+50
Lbx > x* for indices:
[[ 0  0]
 [ 1  0]
 [ 2  0]
 [ 3  0]
 [ 4  0]
 [ 5  0]
 [ 6  0]
 [ 7  0]
 [ 8  0]
 [ 9  0]
 [10  0]
 [11  0]
 [12  0]
 [13  0]
 [14  0]
 [15  0]]
Ubg < g(x*,p) - tol:
[       inf        inf        inf        inf        inf        inf
        inf        inf        inf        inf        inf        inf
        inf        inf        inf        inf 1.99999999 1.99999999
 1.99999999 1.99999999 1.99999999 1.99999999 1.99999999 1.99999999
 1.99999999 1.99999999 1.99999999 1.99999999 1.99999999 1.99999999
 1.99999999 1.99999999]
for indices:
(array([ 0,  1,  2,  3,  4,  5,  6,  7,  8,  9, 10, 11, 12, 13, 14, 15, 75,
       76, 77, 78, 79, 80, 81, 82, 83, 84, 85, 86, 87, 88, 89, 90]),)"
45,fo8_ar2_1.nl,-inf,FAILED,"Objective value wrong, with error 1e+50
Lbx > x* for indices:
[[ 0  0]
 [ 1  0]
 [ 2  0]
 [ 3  0]
 [ 4  0]
 [ 5  0]
 [ 6  0]
 [ 7  0]
 [ 8  0]
 [ 9  0]
 [10  0]
 [11  0]
 [12  0]
 [13  0]
 [14  0]
 [15  0]]
Ubg < g(x*,p) - tol:
[       inf        inf        inf        inf        inf        inf
        inf        inf        inf        inf        inf        inf
        inf        inf        inf        inf 1.99999999 1.99999999
 1.99999999 1.99999999 1.99999999 1.99999999 1.99999999 1.99999999
 1.99999999 1.99999999 1.99999999 1.99999999 1.99999999 1.99999999
 1.99999999 1.99999999]
for indices:
(array([ 0,  1,  2,  3,  4,  5,  6,  7,  8,  9, 10, 11, 12, 13, 14, 15, 75,
       76, 77, 78, 79, 80, 81, 82, 83, 84, 85, 86, 87, 88, 89, 90]),)"
46,fo8_ar3_1.nl,-inf,FAILED,"Objective value wrong, with error 1e+50
Lbx > x* for indices:
[[ 0  0]
 [ 1  0]
 [ 2  0]
 [ 3  0]
 [ 4  0]
 [ 5  0]
 [ 6  0]
 [ 7  0]
 [ 8  0]
 [ 9  0]
 [10  0]
 [11  0]
 [12  0]
 [13  0]
 [14  0]
 [15  0]]
Ubg < g(x*,p) - tol:
[       inf        inf        inf        inf        inf        inf
        inf        inf        inf        inf        inf        inf
        inf        inf        inf        inf 1.99999999 1.99999999
 1.99999999 1.99999999 1.99999999 1.99999999 1.99999999 1.99999999
 1.99999999 1.99999999 1.99999999 1.99999999 1.99999999 1.99999999
 1.99999999 1.99999999]
for indices:
(array([ 0,  1,  2,  3,  4,  5,  6,  7,  8,  9, 10, 11, 12, 13, 14, 15, 75,
       76, 77, 78, 79, 80, 81, 82, 83, 84, 85, 86, 87, 88, 89, 90]),)"
47,fo8_ar4_1.nl,-inf,FAILED,"Objective value wrong, with error 1e+50
Lbx > x* for indices:
[[ 0  0]
 [ 1  0]
 [ 2  0]
 [ 3  0]
 [ 4  0]
 [ 5  0]
 [ 6  0]
 [ 7  0]
 [ 8  0]
 [ 9  0]
 [10  0]
 [11  0]
 [12  0]
 [13  0]
 [14  0]
 [15  0]]
Ubg < g(x*,p) - tol:
[       inf        inf        inf        inf        inf        inf
        inf        inf        inf        inf        inf        inf
        inf        inf        inf        inf 1.99999999 1.99999999
 1.99999999 1.99999999 1.99999999 1.99999999 1.99999999 1.99999999
 1.99999999 1.99999999 1.99999999 1.99999999 1.99999999 1.99999999
 1.99999999 1.99999999]
for indices:
(array([ 0,  1,  2,  3,  4,  5,  6,  7,  8,  9, 10, 11, 12, 13, 14, 15, 75,
       76, 77, 78, 79, 80, 81, 82, 83, 84, 85, 86, 87, 88, 89, 90]),)"
48,fo8_ar5_1.nl,-inf,FAILED,"Objective value wrong, with error 1e+50
Lbx > x* for indices:
[[ 0  0]
 [ 1  0]
 [ 2  0]
 [ 3  0]
 [ 4  0]
 [ 5  0]
 [ 6  0]
 [ 7  0]
 [ 8  0]
 [ 9  0]
 [10  0]
 [11  0]
 [12  0]
 [13  0]
 [14  0]
 [15  0]]
Ubg < g(x*,p) - tol:
[       inf        inf        inf        inf        inf        inf
        inf        inf        inf        inf        inf        inf
        inf        inf        inf        inf 1.99999999 1.99999999
 1.99999999 1.99999999 1.99999999 1.99999999 1.99999999 1.99999999
 1.99999999 1.99999999 1.99999999 1.99999999 1.99999999 1.99999999
 1.99999999 1.99999999]
for indices:
(array([ 0,  1,  2,  3,  4,  5,  6,  7,  8,  9, 10, 11, 12, 13, 14, 15, 75,
       76, 77, 78, 79, 80, 81, 82, 83, 84, 85, 86, 87, 88, 89, 90]),)"
49,fo9.nl,-inf,FAILED,"Objective value wrong, with error 1e+50
Lbx > x* for indices:
[[ 0  0]
 [ 1  0]
 [ 2  0]
 [ 3  0]
 [ 4  0]
 [ 5  0]
 [ 6  0]
 [ 7  0]
 [ 8  0]
 [ 9  0]
 [10  0]
 [11  0]
 [12  0]
 [13  0]
 [14  0]
 [15  0]
 [16  0]
 [17  0]
 [90  0]
 [91  0]]
Ubg < g(x*,p) - tol:
[inf inf inf inf inf inf inf inf inf inf inf inf inf inf inf inf inf inf]
for indices:
(array([ 0,  1,  2,  3,  4,  5,  6,  7,  8,  9, 10, 11, 12, 13, 14, 15, 16,
       17]),)"
50,fo9_ar25_1.nl,-inf,FAILED,"Objective value wrong, with error 1e+50
Lbx > x* for indices:
[[ 0  0]
 [ 1  0]
 [ 2  0]
 [ 3  0]
 [ 4  0]
 [ 5  0]
 [ 6  0]
 [ 7  0]
 [ 8  0]
 [ 9  0]
 [10  0]
 [11  0]
 [12  0]
 [13  0]
 [14  0]
 [15  0]
 [16  0]
 [17  0]]
Ubg < g(x*,p) - tol:
[       inf        inf        inf        inf        inf        inf
        inf        inf        inf        inf        inf        inf
        inf        inf        inf        inf        inf        inf
 1.99999999 1.99999999 1.99999999 1.99999999 1.99999999 1.99999999
 1.99999999 1.99999999 1.99999999 1.99999999 1.99999999 1.99999999
 1.99999999 1.99999999 1.99999999 1.99999999 1.99999999 1.99999999]
for indices:
(array([  0,   1,   2,   3,   4,   5,   6,   7,   8,   9,  10,  11,  12,
        13,  14,  15,  16,  17,  93,  94,  95,  96,  97,  98,  99, 100,
       101, 102, 103, 104, 105, 106, 107, 108, 109, 110]),)"
51,fo9_ar2_1.nl,-inf,FAILED,"Objective value wrong, with error 1e+50
Lbx > x* for indices:
[[ 0  0]
 [ 1  0]
 [ 2  0]
 [ 3  0]
 [ 4  0]
 [ 5  0]
 [ 6  0]
 [ 7  0]
 [ 8  0]
 [ 9  0]
 [10  0]
 [11  0]
 [12  0]
 [13  0]
 [14  0]
 [15  0]
 [16  0]
 [17  0]]
Ubg < g(x*,p) - tol:
[       inf        inf        inf        inf        inf        inf
        inf        inf        inf        inf        inf        inf
        inf        inf        inf        inf        inf        inf
 1.99999999 1.99999999 1.99999999 1.99999999 1.99999999 1.99999999
 1.99999999 1.99999999 1.99999999 1.99999999 1.99999999 1.99999999
 1.99999999 1.99999999 1.99999999 1.99999999 1.99999999 1.99999999]
for indices:
(array([  0,   1,   2,   3,   4,   5,   6,   7,   8,   9,  10,  11,  12,
        13,  14,  15,  16,  17,  93,  94,  95,  96,  97,  98,  99, 100,
       101, 102, 103, 104, 105, 106, 107, 108, 109, 110]),)"
52,fo9_ar3_1.nl,-inf,FAILED,"Objective value wrong, with error 1e+50
Lbx > x* for indices:
[[ 0  0]
 [ 1  0]
 [ 2  0]
 [ 3  0]
 [ 4  0]
 [ 5  0]
 [ 6  0]
 [ 7  0]
 [ 8  0]
 [ 9  0]
 [10  0]
 [11  0]
 [12  0]
 [13  0]
 [14  0]
 [15  0]
 [16  0]
 [17  0]]
Ubg < g(x*,p) - tol:
[       inf        inf        inf        inf        inf        inf
        inf        inf        inf        inf        inf        inf
        inf        inf        inf        inf        inf        inf
 1.99999999 1.99999999 1.99999999 1.99999999 1.99999999 1.99999999
 1.99999999 1.99999999 1.99999999 1.99999999 1.99999999 1.99999999
 1.99999999 1.99999999 1.99999999 1.99999999 1.99999999 1.99999999]
for indices:
(array([  0,   1,   2,   3,   4,   5,   6,   7,   8,   9,  10,  11,  12,
        13,  14,  15,  16,  17,  93,  94,  95,  96,  97,  98,  99, 100,
       101, 102, 103, 104, 105, 106, 107, 108, 109, 110]),)"
53,fo9_ar4_1.nl,-inf,FAILED,"Objective value wrong, with error 1e+50
Lbx > x* for indices:
[[ 0  0]
 [ 1  0]
 [ 2  0]
 [ 3  0]
 [ 4  0]
 [ 5  0]
 [ 6  0]
 [ 7  0]
 [ 8  0]
 [ 9  0]
 [10  0]
 [11  0]
 [12  0]
 [13  0]
 [14  0]
 [15  0]
 [16  0]
 [17  0]]
Ubg < g(x*,p) - tol:
[       inf        inf        inf        inf        inf        inf
        inf        inf        inf        inf        inf        inf
        inf        inf        inf        inf        inf        inf
 1.99999999 1.99999999 1.99999999 1.99999999 1.99999999 1.99999999
 1.99999999 1.99999999 1.99999999 1.99999999 1.99999999 1.99999999
 1.99999999 1.99999999 1.99999999 1.99999999 1.99999999 1.99999999]
for indices:
(array([  0,   1,   2,   3,   4,   5,   6,   7,   8,   9,  10,  11,  12,
        13,  14,  15,  16,  17,  93,  94,  95,  96,  97,  98,  99, 100,
       101, 102, 103, 104, 105, 106, 107, 108, 109, 110]),)"
54,fo9_ar5_1.nl,-inf,FAILED,"Objective value wrong, with error 1e+50
Lbx > x* for indices:
[[ 0  0]
 [ 1  0]
 [ 2  0]
 [ 3  0]
 [ 4  0]
 [ 5  0]
 [ 6  0]
 [ 7  0]
 [ 8  0]
 [ 9  0]
 [10  0]
 [11  0]
 [12  0]
 [13  0]
 [14  0]
 [15  0]
 [16  0]
 [17  0]]
Ubg < g(x*,p) - tol:
[       inf        inf        inf        inf        inf        inf
        inf        inf        inf        inf        inf        inf
        inf        inf        inf        inf        inf        inf
 1.99999999 1.99999999 1.99999999 1.99999999 1.99999999 1.99999999
 1.99999999 1.99999999 1.99999999 1.99999999 1.99999999 1.99999999
 1.99999999 1.99999999 1.99999999 1.99999999 1.99999999 1.99999999]
for indices:
(array([  0,   1,   2,   3,   4,   5,   6,   7,   8,   9,  10,  11,  12,
        13,  14,  15,  16,  17,  93,  94,  95,  96,  97,  98,  99, 100,
       101, 102, 103, 104, 105, 106, 107, 108, 109, 110]),)"
55,gear2.nl,0.004768456098804485,0,0.13960538059473038,0.07811600000000041,0,0
56,gear3.nl,3.634526501566065e-06,0,0.15610994771122932,0.040403999999999995,0,0
57,jit1.nl,173983.32999863994,0,0.11537984479218721,0.060540999999999984,0,0
58,m3.nl,37.80000000073363,0,0.3367856917902827,0.11425200000000077,0,0
59,m6.nl,106.25687691424332,0,304.42741882707924,84.32831299992229,0,0
60,m7.nl,130.75687691465532,0,304.02768700942397,99.67685745800213,0,0
61,m7_ar25_1.nl,143.58500000099596,0,231.95012564677745,85.2537779998455,0,0
62,m7_ar2_1.nl,-inf,FAILED,"Objective value wrong, with error 1e+50
Lbx > x* for indices:
[[ 0  0]
 [ 1  0]
 [ 2  0]
 [ 3  0]
 [ 4  0]
 [ 5  0]
 [ 6  0]
 [ 7  0]
 [ 8  0]
 [ 9  0]
 [10  0]
 [11  0]
 [12  0]
 [13  0]]
Ubg < g(x*,p) - tol:
[       inf        inf        inf        inf        inf        inf
        inf        inf        inf        inf        inf        inf
        inf        inf 1.99999999 1.99999999 1.99999999 1.99999999
 1.99999999 1.99999999 1.99999999 1.99999999 1.99999999 1.99999999
 1.99999999 1.99999999 1.99999999 1.99999999]
for indices:
(array([ 0,  1,  2,  3,  4,  5,  6,  7,  8,  9, 10, 11, 12, 13, 59, 60, 61,
       62, 63, 64, 65, 66, 67, 68, 69, 70, 71, 72]),)"
63,m7_ar3_1.nl,-inf,FAILED,"Objective value wrong, with error 1e+50
Lbx > x* for indices:
[[ 0  0]
 [ 1  0]
 [ 2  0]
 [ 3  0]
 [ 4  0]
 [ 5  0]
 [ 6  0]
 [ 7  0]
 [ 8  0]
 [ 9  0]
 [10  0]
 [11  0]
 [12  0]
 [13  0]]
Ubg < g(x*,p) - tol:
[       inf        inf        inf        inf        inf        inf
        inf        inf        inf        inf        inf        inf
        inf        inf 1.99999999 1.99999999 1.99999999 1.99999999
 1.99999999 1.99999999 1.99999999 1.99999999 1.99999999 1.99999999
 1.99999999 1.99999999 1.99999999 1.99999999]
for indices:
(array([ 0,  1,  2,  3,  4,  5,  6,  7,  8,  9, 10, 11, 12, 13, 59, 60, 61,
       62, 63, 64, 65, 66, 67, 68, 69, 70, 71, 72]),)"
64,m7_ar4_1.nl,-inf,FAILED,"Objective value wrong, with error 1e+50
Lbx > x* for indices:
[[ 0  0]
 [ 1  0]
 [ 2  0]
 [ 3  0]
 [ 4  0]
 [ 5  0]
 [ 6  0]
 [ 7  0]
 [ 8  0]
 [ 9  0]
 [10  0]
 [11  0]
 [12  0]
 [13  0]]
Ubg < g(x*,p) - tol:
[       inf        inf        inf        inf        inf        inf
        inf        inf        inf        inf        inf        inf
        inf        inf 1.99999999 1.99999999 1.99999999 1.99999999
 1.99999999 1.99999999 1.99999999 1.99999999 1.99999999 1.99999999
 1.99999999 1.99999999 1.99999999 1.99999999]
for indices:
(array([ 0,  1,  2,  3,  4,  5,  6,  7,  8,  9, 10, 11, 12, 13, 59, 60, 61,
       62, 63, 64, 65, 66, 67, 68, 69, 70, 71, 72]),)"
65,m7_ar5_1.nl,-inf,FAILED,"Objective value wrong, with error 1e+50
Lbx > x* for indices:
[[ 0  0]
 [ 1  0]
 [ 2  0]
 [ 3  0]
 [ 4  0]
 [ 5  0]
 [ 6  0]
 [ 7  0]
 [ 8  0]
 [ 9  0]
 [10  0]
 [11  0]
 [12  0]
 [13  0]]
Ubg < g(x*,p) - tol:
[       inf        inf        inf        inf        inf        inf
        inf        inf        inf        inf        inf        inf
        inf        inf 1.99999999 1.99999999 1.99999999 1.99999999
 1.99999999 1.99999999 1.99999999 1.99999999 1.99999999 1.99999999
 1.99999999 1.99999999 1.99999999 1.99999999]
for indices:
(array([ 0,  1,  2,  3,  4,  5,  6,  7,  8,  9, 10, 11, 12, 13, 59, 60, 61,
       62, 63, 64, 65, 66, 67, 68, 69, 70, 71, 72]),)"
66,no7_ar25_1.nl,-inf,FAILED,"Objective value wrong, with error 1e+50
Lbx > x* for indices:
[[ 0  0]
 [ 1  0]
 [ 2  0]
 [ 3  0]
 [ 4  0]
 [ 5  0]
 [ 6  0]
 [ 7  0]
 [ 8  0]
 [ 9  0]
 [10  0]
 [11  0]
 [12  0]
 [13  0]]
Ubg < g(x*,p) - tol:
[       inf        inf        inf        inf        inf        inf
        inf        inf        inf        inf        inf        inf
        inf        inf 1.99999999 1.99999999 1.99999999 1.99999999
 1.99999999 1.99999999 1.99999999 1.99999999 1.99999999 1.99999999
 1.99999999 1.99999999 1.99999999 1.99999999]
for indices:
(array([ 0,  1,  2,  3,  4,  5,  6,  7,  8,  9, 10, 11, 12, 13, 59, 60, 61,
       62, 63, 64, 65, 66, 67, 68, 69, 70, 71, 72]),)"
67,no7_ar2_1.nl,-inf,FAILED,"Objective value wrong, with error 1e+50
Lbx > x* for indices:
[[ 0  0]
 [ 1  0]
 [ 2  0]
 [ 3  0]
 [ 4  0]
 [ 5  0]
 [ 6  0]
 [ 7  0]
 [ 8  0]
 [ 9  0]
 [10  0]
 [11  0]
 [12  0]
 [13  0]]
Ubg < g(x*,p) - tol:
[       inf        inf        inf        inf        inf        inf
        inf        inf        inf        inf        inf        inf
        inf        inf 1.99999999 1.99999999 1.99999999 1.99999999
 1.99999999 1.99999999 1.99999999 1.99999999 1.99999999 1.99999999
 1.99999999 1.99999999 1.99999999 1.99999999]
for indices:
(array([ 0,  1,  2,  3,  4,  5,  6,  7,  8,  9, 10, 11, 12, 13, 59, 60, 61,
       62, 63, 64, 65, 66, 67, 68, 69, 70, 71, 72]),)"
68,no7_ar3_1.nl,-inf,FAILED,"Objective value wrong, with error 1e+50
Lbx > x* for indices:
[[ 0  0]
 [ 1  0]
 [ 2  0]
 [ 3  0]
 [ 4  0]
 [ 5  0]
 [ 6  0]
 [ 7  0]
 [ 8  0]
 [ 9  0]
 [10  0]
 [11  0]
 [12  0]
 [13  0]]
Ubg < g(x*,p) - tol:
[       inf        inf        inf        inf        inf        inf
        inf        inf        inf        inf        inf        inf
        inf        inf 1.99999999 1.99999999 1.99999999 1.99999999
 1.99999999 1.99999999 1.99999999 1.99999999 1.99999999 1.99999999
 1.99999999 1.99999999 1.99999999 1.99999999]
for indices:
(array([ 0,  1,  2,  3,  4,  5,  6,  7,  8,  9, 10, 11, 12, 13, 59, 60, 61,
       62, 63, 64, 65, 66, 67, 68, 69, 70, 71, 72]),)"
69,no7_ar4_1.nl,-inf,FAILED,"Objective value wrong, with error 1e+50
Lbx > x* for indices:
[[ 0  0]
 [ 1  0]
 [ 2  0]
 [ 3  0]
 [ 4  0]
 [ 5  0]
 [ 6  0]
 [ 7  0]
 [ 8  0]
 [ 9  0]
 [10  0]
 [11  0]
 [12  0]
 [13  0]]
Ubg < g(x*,p) - tol:
[       inf        inf        inf        inf        inf        inf
        inf        inf        inf        inf        inf        inf
        inf        inf 1.99999999 1.99999999 1.99999999 1.99999999
 1.99999999 1.99999999 1.99999999 1.99999999 1.99999999 1.99999999
 1.99999999 1.99999999 1.99999999 1.99999999]
for indices:
(array([ 0,  1,  2,  3,  4,  5,  6,  7,  8,  9, 10, 11, 12, 13, 59, 60, 61,
       62, 63, 64, 65, 66, 67, 68, 69, 70, 71, 72]),)"
70,no7_ar5_1.nl,-inf,FAILED,"Error in Function::call for 'minlp' [BonminInterface] at .../casadi/core/function.cpp:1432:
Error in Function::call for 'minlp' [BonminInterface] at .../casadi/core/function.cpp:361:
.../casadi/interfaces/bonmin/bonmin_interface.cpp:477: Uncaught error in Bonmin"
71,nvs20.nl,230.9221652082297,0,0.08847186621278524,0.08533900000000022,0,0
72,o7.nl,157.37966574617295,0,304.13571877777576,105.64731264900097,0,0
73,o7_2.nl,196.86496301639266,0,303.9153976114467,102.08531019200058,0,0
74,o7_ar25_1.nl,-inf,FAILED,"Objective value wrong, with error 1e+50
Lbx > x* for indices:
[[ 0  0]
 [ 1  0]
 [ 2  0]
 [ 3  0]
 [ 4  0]
 [ 5  0]
 [ 6  0]
 [ 7  0]
 [ 8  0]
 [ 9  0]
 [10  0]
 [11  0]
 [12  0]
 [13  0]]
Ubg < g(x*,p) - tol:
[       inf        inf        inf        inf        inf        inf
        inf        inf        inf        inf        inf        inf
        inf        inf 1.99999999 1.99999999 1.99999999 1.99999999
 1.99999999 1.99999999 1.99999999 1.99999999 1.99999999 1.99999999
 1.99999999 1.99999999 1.99999999 1.99999999]
for indices:
(array([ 0,  1,  2,  3,  4,  5,  6,  7,  8,  9, 10, 11, 12, 13, 59, 60, 61,
       62, 63, 64, 65, 66, 67, 68, 69, 70, 71, 72]),)"
75,o7_ar2_1.nl,-inf,FAILED,"Objective value wrong, with error 1e+50
Lbx > x* for indices:
[[ 0  0]
 [ 1  0]
 [ 2  0]
 [ 3  0]
 [ 4  0]
 [ 5  0]
 [ 6  0]
 [ 7  0]
 [ 8  0]
 [ 9  0]
 [10  0]
 [11  0]
 [12  0]
 [13  0]]
Ubg < g(x*,p) - tol:
[       inf        inf        inf        inf        inf        inf
        inf        inf        inf        inf        inf        inf
        inf        inf 1.99999999 1.99999999 1.99999999 1.99999999
 1.99999999 1.99999999 1.99999999 1.99999999 1.99999999 1.99999999
 1.99999999 1.99999999 1.99999999 1.99999999]
for indices:
(array([ 0,  1,  2,  3,  4,  5,  6,  7,  8,  9, 10, 11, 12, 13, 59, 60, 61,
       62, 63, 64, 65, 66, 67, 68, 69, 70, 71, 72]),)"
76,o7_ar3_1.nl,-inf,FAILED,"Objective value wrong, with error 1e+50
Lbx > x* for indices:
[[ 0  0]
 [ 1  0]
 [ 2  0]
 [ 3  0]
 [ 4  0]
 [ 5  0]
 [ 6  0]
 [ 7  0]
 [ 8  0]
 [ 9  0]
 [10  0]
 [11  0]
 [12  0]
 [13  0]]
Ubg < g(x*,p) - tol:
[       inf        inf        inf        inf        inf        inf
        inf        inf        inf        inf        inf        inf
        inf        inf 1.99999999 1.99999999 1.99999999 1.99999999
 1.99999999 1.99999999 1.99999999 1.99999999 1.99999999 1.99999999
 1.99999999 1.99999999 1.99999999 1.99999999]
for indices:
(array([ 0,  1,  2,  3,  4,  5,  6,  7,  8,  9, 10, 11, 12, 13, 59, 60, 61,
       62, 63, 64, 65, 66, 67, 68, 69, 70, 71, 72]),)"
77,o7_ar4_1.nl,-inf,FAILED,"Objective value wrong, with error 1e+50
Lbx > x* for indices:
[[ 0  0]
 [ 1  0]
 [ 2  0]
 [ 3  0]
 [ 4  0]
 [ 5  0]
 [ 6  0]
 [ 7  0]
 [ 8  0]
 [ 9  0]
 [10  0]
 [11  0]
 [12  0]
 [13  0]]
Ubg < g(x*,p) - tol:
[       inf        inf        inf        inf        inf        inf
        inf        inf        inf        inf        inf        inf
        inf        inf 1.99999999 1.99999999 1.99999999 1.99999999
 1.99999999 1.99999999 1.99999999 1.99999999 1.99999999 1.99999999
 1.99999999 1.99999999 1.99999999 1.99999999]
for indices:
(array([ 0,  1,  2,  3,  4,  5,  6,  7,  8,  9, 10, 11, 12, 13, 59, 60, 61,
       62, 63, 64, 65, 66, 67, 68, 69, 70, 71, 72]),)"
78,o7_ar5_1.nl,-inf,FAILED,"Objective value wrong, with error 1e+50
Lbx > x* for indices:
[[ 0  0]
 [ 1  0]
 [ 2  0]
 [ 3  0]
 [ 4  0]
 [ 5  0]
 [ 6  0]
 [ 7  0]
 [ 8  0]
 [ 9  0]
 [10  0]
 [11  0]
 [12  0]
 [13  0]]
Ubg < g(x*,p) - tol:
[       inf        inf        inf        inf        inf        inf
        inf        inf        inf        inf        inf        inf
        inf        inf 1.99999999 1.99999999 1.99999999 1.99999999
 1.99999999 1.99999999 1.99999999 1.99999999 1.99999999 1.99999999
 1.99999999 1.99999999 1.99999999 1.99999999]
for indices:
(array([ 0,  1,  2,  3,  4,  5,  6,  7,  8,  9, 10, 11, 12, 13, 59, 60, 61,
       62, 63, 64, 65, 66, 67, 68, 69, 70, 71, 72]),)"
79,o8_ar4_1.nl,-inf,FAILED,"Objective value wrong, with error 1e+50
Lbx > x* for indices:
[[ 0  0]
 [ 1  0]
 [ 2  0]
 [ 3  0]
 [ 4  0]
 [ 5  0]
 [ 6  0]
 [ 7  0]
 [ 8  0]
 [ 9  0]
 [10  0]
 [11  0]
 [12  0]
 [13  0]
 [14  0]
 [15  0]]
Ubg < g(x*,p) - tol:
[       inf        inf        inf        inf        inf        inf
        inf        inf        inf        inf        inf        inf
        inf        inf        inf        inf 1.99999999 1.99999999
 1.99999999 1.99999999 1.99999999 1.99999999 1.99999999 1.99999999
 1.99999999 1.99999999 1.99999999 1.99999999 1.99999999 1.99999999
 1.99999999 1.99999999]
for indices:
(array([ 0,  1,  2,  3,  4,  5,  6,  7,  8,  9, 10, 11, 12, 13, 14, 15, 75,
       76, 77, 78, 79, 80, 81, 82, 83, 84, 85, 86, 87, 88, 89, 90]),)"
80,o9_ar4_1.nl,-inf,FAILED,"Objective value wrong, with error 1e+50
Lbx > x* for indices:
[[ 0  0]
 [ 1  0]
 [ 2  0]
 [ 3  0]
 [ 4  0]
 [ 5  0]
 [ 6  0]
 [ 7  0]
 [ 8  0]
 [ 9  0]
 [10  0]
 [11  0]
 [12  0]
 [13  0]
 [14  0]
 [15  0]
 [16  0]
 [17  0]]
Ubg < g(x*,p) - tol:
[       inf        inf        inf        inf        inf        inf
        inf        inf        inf        inf        inf        inf
        inf        inf        inf        inf        inf        inf
 1.99999999 1.99999999 1.99999999 1.99999999 1.99999999 1.99999999
 1.99999999 1.99999999 1.99999999 1.99999999 1.99999999 1.99999999
 1.99999999 1.99999999 1.99999999 1.99999999 1.99999999 1.99999999]
for indices:
(array([  0,   1,   2,   3,   4,   5,   6,   7,   8,   9,  10,  11,  12,
        13,  14,  15,  16,  17,  93,  94,  95,  96,  97,  98,  99, 100,
       101, 102, 103, 104, 105, 106, 107, 108, 109, 110]),)"
81,p_ball_10b_5p_2d_h.nl,18.71857798796891,0,43.877042880281806,17.295459000004417,0,0
82,p_ball_10b_5p_3d_h.nl,44.00421680539977,0,44.647503049112856,33.032871000009145,0,0
83,p_ball_10b_5p_4d_h.nl,71.37194798261878,0,99.48988541588187,60.82136499998114,0,0
84,p_ball_10b_7p_3d_h.nl,-inf,FAILED,"Error in Function::call for 'minlp' [BonminInterface] at .../casadi/core/function.cpp:1432:
Error in Function::call for 'minlp' [BonminInterface] at .../casadi/core/function.cpp:361:
.../casadi/interfaces/bonmin/bonmin_interface.cpp:477: Uncaught error in Bonmin"
85,p_ball_15b_5p_2d_h.nl,6.599867694976376,0,124.89110230002552,60.00160400000447,0,0
86,p_ball_20b_5p_2d_h.nl,2.437175093345309,0,302.7826840309426,160.43555820500268,0,0
87,p_ball_20b_5p_3d_h.nl,20.450031333106395,0,302.3840883076191,176.65995755899968,0,0
88,p_ball_30b_5p_2d_h.nl,1.9238453413652803,0,303.0605272036046,119.86757276899934,0,0
89,portfol_buyin.nl,0.030458864440110835,0,0.02352223079651594,0.026642,0,0
90,portfol_card.nl,0.033670834171531994,0,0.028042001649737358,0.034583,0,0
91,portfol_roundlot.nl,-inf,FAILED,"Objective value wrong, with error 1.7976931348623157e+308
Lbg > g(x*,p) + tol:
[0.04999999 0.99999999]
for indices:
(array([0, 2]),)"
92,prob10.nl,3.4455037943363673,0,0.02547959703952074,0.009125000000000001,0,0
93,ravempb.nl,269590.21931546263,0,1.3917142562568188,1.9993889999999959,0,0
94,sssd08-04.nl,183200.43553427517,0,1.1299143517389894,0.29023399999998384,0,0
95,sssd12-05.nl,282077.3343156276,0,1.850829854607582,0.5324149999999429,0,0
96,sssd15-04.nl,205054.45853183,0,1.1722976872697473,0.3535249999999991,0,0
97,sssd15-06.nl,543719.4067432329,0,14.000553541816771,4.222245000000506,0,0
98,sssd15-08.nl,567102.9704180829,0,89.67100370209664,30.023867000026044,0,0
99,sssd16-07.nl,419425.7166526616,0,20.146985115483403,6.32558899999915,0,0
100,sssd18-06.nl,400946.25602764287,0,3.6738745234906673,1.174680999999942,0,0
101,sssd18-08.nl,839375.5035227027,0,81.51252607163042,28.60468699999484,0,0
102,sssd20-04.nl,349950.2585020412,0,1.6032228888943791,0.5081449999999619,0,0
103,sssd20-08.nl,473489.52904233616,0,31.547398178838193,11.393232999999412,0,0
104,sssd22-08.nl,512070.72121459263,0,27.656262604519725,10.280124000004173,0,0
105,sssd25-04.nl,301302.24121342815,0,2.355125422589481,0.7723989999999388,0,0
106,sssd25-08.nl,475883.9959524083,0,20.067483165301383,7.403479000000786,0,0
107,st_e14.nl,4.579582402486655,0,0.0538052087649703,0.043196,0,0
108,stockcycle.nl,119948.68833329527,0,19.067432006821036,10.115750999999495,0,0
109,synthes1.nl,6.009758908948444,0,0.04627215676009655,0.032068999999999986,0,0
110,synthes2.nl,73.03531252510001,0,0.07099804282188416,0.061613000000000036,0,0
111,synthes3.nl,68.00974052143513,0,0.10000580828636885,0.08456800000000035,0,0
112,tls2.nl,5.299999999999882,0,8.919843752868474,6.120461999999947,0,0
113,tls4.nl,-inf,FAILED,"Objective value wrong, with error 1e+50
Lbx > x* for indices:
[[ 0  0]
 [ 1  0]
 [ 2  0]
 [ 3  0]
 [ 4  0]
 [ 5  0]
 [ 6  0]
 [ 7  0]
 [ 8  0]
 [ 9  0]
 [10  0]
 [11  0]
 [12  0]
 [13  0]
 [14  0]
 [15  0]
 [16  0]
 [17  0]
 [18  0]
 [19  0]]
Lbg > g(x*,p) + tol:
[0.99999999 0.99999999 0.99999999 0.99999999 0.99999999 0.99999999
 0.99999999 0.99999999 0.99999999 0.99999999 0.99999999 0.99999999
 0.99999999 0.99999999 0.99999999 0.99999999 0.99999999 0.99999999
 0.99999999 0.99999999]
for indices:
(array([24, 25, 26, 27, 32, 33, 34, 35, 36, 37, 38, 39, 40, 41, 42, 43, 44,
       45, 46, 47]),)
Ubg < g(x*,p) - tol:
[  11.99999999   10.99999999   15.99999999   14.99999999 1699.99999999
 1699.99999999 1699.99999999 1699.99999999]
for indices:
(array([ 0,  1,  2,  3,  8,  9, 10, 11]),)"
114,tls5.nl,-inf,FAILED,"Objective value wrong, with error 1e+50
Lbx > x* for indices:
[[ 0  0]
 [ 1  0]
 [ 2  0]
 [ 3  0]
 [ 4  0]
 [ 5  0]
 [ 6  0]
 [ 7  0]
 [ 8  0]
 [ 9  0]
 [10  0]
 [11  0]
 [12  0]
 [13  0]
 [14  0]
 [15  0]
 [16  0]
 [17  0]
 [18  0]
 [19  0]
 [20  0]
 [21  0]
 [22  0]
 [23  0]
 [24  0]
 [25  0]
 [26  0]
 [27  0]
 [28  0]
 [29  0]]
Lbg > g(x*,p) + tol:
[0.99999999 0.99999999 0.99999999 0.99999999 0.99999999 0.99999999
 0.99999999 0.99999999 0.99999999 0.99999999 0.99999999 0.99999999
 0.99999999 0.99999999 0.99999999 0.99999999 0.99999999 0.99999999
 0.99999999 0.99999999 0.99999999 0.99999999 0.99999999 0.99999999
 0.99999999 0.99999999 0.99999999 0.99999999 0.99999999 0.99999999]
for indices:
(array([30, 31, 32, 33, 34, 40, 41, 42, 43, 44, 45, 46, 47, 48, 49, 50, 51,
       52, 53, 54, 55, 56, 57, 58, 59, 60, 61, 62, 63, 64]),)
Ubg < g(x*,p) - tol:
[  16.99999999   10.99999999   19.99999999   10.99999999   13.99999999
 1799.99999999 1799.99999999 1799.99999999 1799.99999999 1799.99999999]
for indices:
(array([ 0,  1,  2,  3,  4, 10, 11, 12, 13, 14]),)"
115,tls6.nl,-inf,FAILED,"Objective value wrong, with error 1e+50
Lbx > x* for indices:
[[ 0  0]
 [ 1  0]
 [ 2  0]
 [ 3  0]
 [ 4  0]
 [ 5  0]
 [ 6  0]
 [ 7  0]
 [ 8  0]
 [ 9  0]
 [10  0]
 [11  0]
 [12  0]
 [13  0]
 [14  0]
 [15  0]
 [16  0]
 [17  0]
 [18  0]
 [19  0]
 [20  0]
 [21  0]
 [22  0]
 [23  0]
 [24  0]
 [25  0]
 [26  0]
 [27  0]
 [28  0]
 [29  0]
 [30  0]
 [31  0]
 [32  0]
 [33  0]
 [34  0]
 [35  0]
 [36  0]
 [37  0]
 [38  0]
 [39  0]
 [40  0]
 [41  0]]
Lbg > g(x*,p) + tol:
[0.99999999 0.99999999 0.99999999 0.99999999 0.99999999 0.99999999
 0.99999999 0.99999999 0.99999999 0.99999999 0.99999999 0.99999999
 0.99999999 0.99999999 0.99999999 0.99999999 0.99999999 0.99999999
 0.99999999 0.99999999 0.99999999 0.99999999 0.99999999 0.99999999
 0.99999999 0.99999999 0.99999999 0.99999999 0.99999999 0.99999999
 0.99999999 0.99999999 0.99999999 0.99999999 0.99999999 0.99999999
 0.99999999 0.99999999 0.99999999 0.99999999 0.99999999 0.99999999]
for indices:
(array([36, 37, 38, 39, 40, 41, 48, 49, 50, 51, 52, 53, 54, 55, 56, 57, 58,
       59, 60, 61, 62, 63, 64, 65, 66, 67, 68, 69, 70, 71, 72, 73, 74, 75,
       76, 77, 78, 79, 80, 81, 82, 83]),)
Ubg < g(x*,p) - tol:
[  13.99999999   21.99999999   17.99999999   12.99999999   19.99999999
   21.99999999 2099.99999999 2099.99999999 2099.99999999 2099.99999999
 2099.99999999 2099.99999999]
for indices:
(array([ 0,  1,  2,  3,  4,  5, 12, 13, 14, 15, 16, 17]),)"
